Serial,Type,WlanMAC,EthMAC
PIC99HTG0GW,Laptop,56:3c:55:b3:75:cd,ab:f0:4e:0b:d1:65
CEU35ZFE4FP,Laptop,8e:74:de:2b:1c:44,11:b7:d0:fb:3b:2a
LFN08AXW2XW,Laptop,5b:4c:57:04:f4:70,3b:dd:2a:6c:dd:87
SIA81IRO2AS,Laptop,af:5d:04:e9:c3:72,ac:91:08:a2:23:cb
XNY74COY3CE,Laptop,3a:3d:c4:0c:f2:a2,3d:d7:14:18:37:34
DXG06AAW7NO,Laptop,38:33:2b:fc:2f:44,e7:9a:da:49:56:c1
KJE63DES5WQ,Laptop,d1:02:03:7f:54:61,c1:c3:00:06:31:0f
JVY61MSN9GF,Laptop,a2:3d:ee:6f:f4:65,b5:a6:b6:e0:24:9f
YCY55MPB2DA,Laptop,68:25:a0:cd:4c:39,2a:c5:91:be:3d:0b
UUF82VIH2KM,Laptop,d8:f9:33:a6:73:5d,69:7a:78:0f:7f:f5
HWP11ELV1KO,Laptop,0f:77:af:15:dd:92,8a:7d:c6:cd:51:08
DJU44SMI8NE,Laptop,b4:7b:7a:17:a9:f2,8a:b7:7e:9d:9c:b1
WKE57IOJ1RC,Laptop,04:c4:c3:24:92:2a,ab:29:7d:60:a0:27
ZLI49CXX5FI,Laptop,92:c6:92:a3:5c:0b,0c:36:21:99:e7:70
KXZ96VTF5BH,Laptop,2b:7e:31:d2:25:7d,fa:33:f0:a4:c1:4a
YUO65UYB1SQ,Laptop,a2:97:1d:87:27:5c,c0:a1:e0:47:af:de
YBT31YGQ3NH,Laptop,7c:02:02:d8:97:a5,b1:a0:67:14:15:08
EUZ37CQW4VD,Laptop,8f:3c:48:19:67:18,e5:5b:e0:98:c2:f9
RNF22CTB6HN,Laptop,92:de:76:c0:4e:c5,02:67:06:8d:77:04
OQD22SFZ5FI,Laptop,fe:60:c0:f0:4c:c5,ba:af:4f:06:b4:7e
WDE76SNO8AD,Laptop,a7:bf:fc:81:df:13,71:24:c8:c5:98:14
FJY28FSU8TG,Laptop,90:08:ef:e6:2d:90,06:2a:30:b8:b8:db
SGF76RRH2SY,Laptop,dc:a0:8b:34:e2:51,cc:ee:96:e2:56:23
EDQ45YPK2DA,Laptop,fd:1d:a3:cd:c1:78,a5:de:25:53:fa:dc
UOG83RGH2NQ,Laptop,50:1c:5a:0b:41:e9,40:21:12:1c:f8:c9
XLY12QPE7CQ,Laptop,a7:75:f9:6f:eb:49,d3:ce:cf:0e:0f:d7
JXT17TVF0MI,Laptop,50:bb:cf:1e:e9:b7,75:b6:e7:68:41:80
KIK71RKL2IG,Laptop,58:da:41:c2:5f:04,1f:99:81:b1:c9:17
FWE30IOE8LT,Laptop,dc:a5:bd:25:2c:64,9c:52:aa:8d:52:a4
FJQ26WEM3XR,Laptop,52:75:7c:d5:0d:da,84:45:65:cb:48:19
HVI63KQF7DN,Laptop,bc:12:59:4a:12:56,80:b6:c1:66:7c:7a
MCQ65WMD6IT,Laptop,0f:4b:fa:df:cc:87,3a:95:92:21:46:0f
OKS48LBH3GX,Laptop,82:80:2f:45:30:8f,43:50:6b:77:c0:d8
XFB95YHQ0KJ,Laptop,1d:35:31:5c:ea:d6,91:82:af:fc:78:83
CGY14OQT1IP,Laptop,3d:43:c0:93:85:5a,27:9c:60:9d:fd:41
DEN62SCM1JN,Laptop,0f:d7:32:25:2b:ca,c0:9d:49:3d:28:df
ZGK77MMM3TE,Laptop,53:1a:81:6c:bc:a1,4c:e0:ed:0a:a6:ad
FGH57UNZ8SA,Laptop,31:8b:cc:70:f3:3a,35:aa:e1:14:8a:8b
BZC72XLT4HC,Laptop,c2:19:18:98:b6:38,51:30:8e:b8:41:02
VQY46RBS2RQ,Laptop,c9:98:8a:62:65:f2,80:d2:a5:e3:31:34
NHF94DGL2AO,Laptop,1d:33:0f:83:a6:80,81:95:55:0d:ca:4e
NSC80QOC6UZ,Laptop,66:21:18:9d:a7:72,61:bd:e3:4d:2b:45
MNX11YXT8PQ,Laptop,99:f4:56:8b:06:49,22:0d:67:56:db:1b
KKV01NPC8IY,Laptop,04:5e:94:52:3a:d7,f0:cc:3a:37:ba:f7
WKK83LAV7ZJ,Laptop,de:13:c9:d5:50:33,61:38:13:b2:1b:86
LID51XBG2SZ,Laptop,9b:2b:a0:8f:35:5e,c8:48:38:ce:39:b4
YZC45GFU5HM,Laptop,a3:ad:43:06:9a:86,ba:25:ad:45:0b:e6
ANZ33ROT1SN,Laptop,23:79:ab:e8:28:10,56:e7:d4:08:a8:2a
EEK40TLD5FY,Laptop,ed:1e:ed:4a:c4:a4,13:1c:b7:a5:24:da
MBO09PPR1FD,Laptop,e0:5b:29:8b:2b:b3,bc:52:05:22:30:bc
FKN72HZX9TX,Laptop,bb:c7:82:86:68:2f,83:39:8e:89:62:25
XOG57NJQ1SR,Laptop,9e:84:59:e8:fe:f1,1e:a3:51:48:bf:41
TYZ98MCY2HS,Laptop,98:6c:eb:95:a9:05,46:4b:49:e8:a5:98
WVS67XQI8XJ,Laptop,39:3c:2b:42:e4:79,65:2c:f2:95:88:2e
DXY95FSU6IQ,Laptop,be:b8:5c:88:fd:7c,db:0e:21:27:f9:fc
LOY08FRX0RR,Laptop,56:49:bf:a4:2b:9a,12:35:d7:08:6f:c9
UMZ81ULY2TX,Laptop,80:68:f5:6b:08:e0,59:cd:1d:c5:39:66
MCL14UMM4WL,Laptop,c3:5d:45:0b:7e:49,16:7d:93:e7:2b:69
VGJ87KHQ4ES,Laptop,ba:6b:68:34:e8:32,75:83:88:6f:e3:d3
ESZ06FSW2ZP,Laptop,32:b4:87:d7:13:bf,76:e3:54:15:b9:25
YPQ47JJY6XQ,Laptop,a0:2b:41:3a:f4:07,65:b9:a2:60:d4:91
WVU47XKV6RC,Laptop,bc:2c:9a:16:55:99,2b:f0:04:c8:ac:48
PNS25FBI7KN,Laptop,26:ed:0e:25:0b:7b,87:90:c7:ce:90:1a
PYJ15CPN6YP,Laptop,94:f2:6d:23:99:a1,e5:a3:2f:00:49:a4
MAX07MVQ9AF,Laptop,87:71:a7:8e:d7:51,83:7a:e2:bc:f6:1c
PFZ45YSC3YV,Laptop,81:be:2e:e6:c4:e6,0b:e8:3a:3e:05:5b
DEQ77NWL9ME,Laptop,ad:f9:1a:a8:04:b8,76:c3:ac:c5:7b:af
PGJ27MGU0QZ,Laptop,c2:35:e8:d4:b6:7f,30:3b:ad:cf:0f:ba
BHH49EQK6NP,Laptop,fa:94:b5:5d:37:ca,39:b2:bd:f4:cd:c3
WQW98BEV4VF,Laptop,64:bc:47:18:5b:a8,97:a4:94:cf:c8:15
NXX01NYM3RE,Laptop,fd:33:fe:1c:f6:e5,e3:5e:3e:5c:4c:30
BHR12CKG0NQ,Laptop,f8:a6:71:72:89:70,fd:fe:c9:9c:83:9b
FNT72FXH8UY,Laptop,7f:e8:a8:bd:41:2f,0e:b7:9a:58:ab:45
YOL91OJI2XI,Laptop,0b:3b:97:37:ad:b4,4c:cb:27:e6:95:ae
ENP37NWS8WS,Laptop,bd:44:e7:3e:15:8b,e7:d7:19:21:00:68
ARO52JQH5HQ,Laptop,b5:19:ef:53:86:18,86:14:a0:81:e1:b3
XJD03CPZ7OY,Laptop,3e:db:de:04:5e:4b,3a:b3:39:e7:2b:9a
OXU50EIJ4TS,Laptop,08:47:5a:2c:1a:2f,04:3a:cc:f7:0c:e1
KIU60ECI8UE,Laptop,5f:9f:38:3d:45:8c,d6:de:06:5c:b8:b2
SMB94MZD6AE,Laptop,74:bb:7c:30:16:64,c8:af:30:e7:79:68
GHK56PPS4CY,Laptop,99:a2:4b:4d:d5:5a,98:a0:7e:42:d1:3e
IML95WGQ9UR,Laptop,f7:46:79:64:77:1a,69:ec:0f:cb:f1:20
YPN79SBE4UN,Laptop,fd:d4:84:17:73:53,f6:57:01:32:1e:51
OHN69UQW8NJ,Laptop,15:c9:11:5c:37:f0,9a:31:8b:a0:58:34
DTT58UXJ8JQ,Laptop,31:17:16:16:33:c4,c1:59:bd:72:d1:03
EGV44WPQ3WY,Laptop,37:d2:93:58:f7:12,a3:b7:6f:74:49:19
RFD30KNA7SL,Laptop,97:00:d4:73:a7:5d,e6:cc:13:89:03:80
BOU17SAM4TG,Laptop,ea:b8:f7:d3:ea:dc,d1:f3:cb:d5:24:3b
FGW65GLS2LV,Laptop,82:29:72:39:55:31,8a:a0:e9:57:df:67
WGG08LJR2TL,Laptop,79:f5:8e:c4:3a:a0,d3:a4:2c:75:d8:5f
RXR66PHA2RM,Laptop,93:cf:a0:b5:6e:64,6c:e7:5f:56:60:a4
DAC39QSS7QR,Laptop,88:82:02:b9:ae:91,06:64:2e:b2:e3:5c
FEK21SAK7ZN,Laptop,24:ab:a3:6a:de:d6,85:99:f7:38:1b:c1
IXN51GIV6PX,Laptop,c7:2f:a0:a2:33:02,65:37:e6:38:c0:f6
BSV48UXK5LV,Laptop,d8:0d:3f:97:63:6d,2a:36:e6:60:c8:f3
CVH77BXK8JR,Laptop,ca:36:47:17:cf:ef,2b:91:bf:a1:ae:5d
HUS62NZG2TH,Laptop,2f:9e:a8:83:00:1d,3b:45:a0:b3:08:9b
RXU23BNB3AB,Laptop,06:9b:0d:d3:dc:9f,8a:a0:29:7e:d0:03
FSL48YNS6RF,Laptop,26:7d:8e:0a:c7:f2,40:d5:28:ca:5f:0c
SUV71NKK6BS,Laptop,24:0f:31:12:6d:ec,c7:47:69:2d:30:c6
DWO79BUX2TM,Laptop,dc:18:11:24:b7:52,35:9a:07:14:48:1a
LAT11COS7YC,Laptop,05:ca:6b:de:da:f5,58:a2:d9:a7:c5:9c
CXP68DKX4PE,Laptop,af:94:cf:c0:8e:ee,47:0c:a5:d2:5f:1c
DJZ24TIZ9VH,Laptop,42:78:4a:0b:24:f1,76:92:06:0d:ce:07
KQM38BVK3HC,Laptop,72:52:51:66:23:81,24:83:d8:18:21:82
MQO82SVT7KS,Laptop,3c:ce:b9:fa:27:6b,1f:18:f1:18:c6:23
RTE53VOU3DT,Laptop,cb:c6:a4:6e:d5:44,f4:69:54:33:b2:96
GAX44BHT0EK,Laptop,9a:f2:25:78:49:dd,49:7c:9a:10:cf:42
TYH85EIE0XP,Laptop,12:ce:03:de:1e:79,a4:84:04:23:90:67
JJR87OTZ3SU,Laptop,5b:62:97:5a:f6:f4,d9:be:68:4e:a0:ee
FJQ20GPZ9IN,Laptop,bd:dc:b0:ab:26:06,5f:56:34:f9:87:6e
TKV23LUQ7SX,Laptop,4b:7c:1b:7f:91:75,0c:fb:85:be:79:5e
TIL80NOU4DC,Laptop,b3:78:fd:8c:19:33,92:b7:ab:60:fd:6b
DXH39XZL0JN,Laptop,ed:f1:50:32:11:b1,97:c9:f0:f2:c7:1a
XAR46EGJ1PP,Laptop,0c:ce:71:92:12:d7,d4:e2:d3:e3:1b:97
LSN46BLM9YC,Laptop,d5:de:fb:ac:16:e6,8e:19:12:a7:07:ef
HMI65HTF4IG,Laptop,34:13:fb:ce:05:8f,18:45:25:56:ae:38
MMF09SCL6WB,Laptop,95:52:d7:23:f4:9f,71:58:f5:68:7c:6c
RFA17QFG4OC,Laptop,54:20:61:2e:89:e3,be:8c:57:ed:ae:37
JBJ01QDF1NN,Laptop,39:0e:f3:f4:5d:cc,bb:8f:0f:ad:d3:10
CLK77JNL5RW,Laptop,62:59:2e:be:bc:19,0f:b7:e6:33:73:ac
SRU88MUU7DJ,Laptop,ba:02:db:92:9e:1b,b7:73:25:9f:ed:66
QBV42HSG8CK,Laptop,d6:d7:30:43:f0:0a,83:01:39:3b:58:63
CQK93VFQ7KZ,Laptop,35:ee:92:3d:c9:39,8d:76:ae:07:f5:bf
QEM59HOK1GV,Laptop,7b:d2:f8:64:47:6b,60:5c:93:a8:17:6e
YQQ21ENE1ES,Laptop,84:a0:d8:12:20:e4,6e:7c:27:49:0e:e1
TUK74KZF6OQ,Laptop,f0:1d:9d:7d:31:9e,93:56:18:b4:fd:0f
FKV76MLV7NK,Laptop,14:cd:b6:72:cc:a1,d0:fa:bc:4b:a3:33
AHV72TIN5DD,Laptop,b1:5c:c9:b0:29:c7,8e:d3:59:41:ae:ab
NCW22INP7OW,Laptop,b4:93:96:bf:62:33,23:1d:21:6d:ec:28
VLZ11GWB4WS,Laptop,93:a4:d3:f0:ce:37,9a:09:20:fd:b1:96
GZG44SCM5LB,Laptop,87:18:9b:40:be:88,b4:97:98:77:fb:93
TWM42AVV4CS,Laptop,dc:6e:e9:7b:e5:88,5b:c7:7f:bd:9e:60
BWH31SPO1ZH,Laptop,45:3f:15:e2:9d:bc,49:af:e3:38:4e:9a
DVO10TOC3WX,Laptop,f7:53:71:46:11:7d,1b:69:08:63:c6:57
FDF47PZQ1IJ,Laptop,34:2d:3a:77:e4:76,29:0d:96:1a:b8:d8
COI99BMN0RV,Laptop,f0:30:77:d8:b4:fb,84:31:26:4f:c5:49
IYR46YXK3SC,Laptop,e2:5b:de:0d:e5:ea,37:42:d9:ad:32:85
QLC11NYR1RY,Laptop,17:a0:73:5d:2b:73,66:91:2e:b5:09:d0
HNJ53IEK1YX,Laptop,1f:b5:d9:d8:bd:cb,82:bf:be:23:eb:23
FZB41STH9YF,Laptop,ea:6c:3c:2d:8a:6d,45:a8:96:d3:49:40
PBX62VJR6CR,Laptop,e8:91:4f:63:be:b7,0c:ca:f8:ad:30:9a
INO14YBX3NV,Laptop,b4:76:cf:fc:6b:ab,60:e5:94:dc:a2:0f
THF83LFD7KC,Laptop,9d:8d:78:8c:85:b9,30:3c:1f:80:f1:f2
INI38REX8XT,Laptop,da:80:97:91:41:07,5d:1d:d0:96:20:e4
RUE32FWU0MW,Laptop,51:5d:e3:75:99:60,32:db:a8:5c:d4:c3
UEL98RBV4QE,Laptop,2f:c5:f9:11:56:c8,70:66:56:f7:8a:0e
CIR98GYD9IU,Laptop,c3:2a:b0:1f:5c:6e,97:3d:1a:00:c7:3b
NDY54ONB4ZU,Laptop,32:02:a9:0d:53:73,cf:e5:92:54:95:40
OHE61VGL9FF,Laptop,85:d8:11:22:db:e0,ac:ed:62:63:da:24
OXM91RSH2TR,Laptop,3c:b3:ae:ea:31:b9,af:9f:9c:1a:03:91
EAJ56PSY7FO,Laptop,d6:69:64:a8:83:f8,49:f0:07:5e:bc:7c
XOJ96IBD7DF,Laptop,b6:b6:5a:02:eb:00,cd:70:76:63:69:b6
AUJ50LOY4EX,Laptop,a5:4b:ac:30:26:7f,a6:bb:0b:95:41:b6
KPO94XCU3HI,Laptop,14:64:11:fa:15:cb,f6:2a:3d:83:21:8c
UFM29TKQ7QG,Laptop,92:1e:06:74:d4:d7,66:42:bc:ad:93:c8
KOH56JWH0OO,Laptop,56:d8:2a:19:d7:40,a5:bc:fe:3b:01:8c
TFQ23IEO1NW,Laptop,ef:04:cb:c7:61:f8,53:09:90:f5:5e:ca
XAQ20DUR2UT,Laptop,1c:7a:ee:48:fb:20,3d:e3:3f:05:e7:2a
CUY20FLW0XY,Laptop,36:ba:30:66:95:8f,ae:b9:d0:0b:3d:ad
HXP58EGS2AQ,Laptop,3b:34:c0:0e:ae:32,0e:2e:f4:bd:6a:17
EIX96MYG5KB,Laptop,a1:4e:a7:7d:ae:07,9d:a2:e4:26:6c:c7
NCD67KWC5MB,Laptop,d0:ba:bc:d4:5f:e0,ad:0d:6a:de:73:56
SXA69TJF5DW,Laptop,dd:e0:7b:d3:bd:ef,66:f4:36:99:59:43
LGA68ZWI9EJ,Laptop,10:04:75:81:33:1d,b9:d3:77:d5:02:6a
NZU26ICD8QG,Laptop,1c:24:98:90:f7:84,cb:5b:eb:f6:e8:ef
MZO17WJD4IM,Laptop,67:a8:a5:5b:70:2b,71:4a:ee:71:07:2c
YJS85IEE4YC,Laptop,4d:6d:99:d4:9d:67,84:da:eb:f3:05:e3
IMD27FRE1EX,Laptop,b5:39:7c:6b:df:2b,94:66:89:9e:ef:9d
PBX03IYP1UB,Laptop,e6:78:80:7d:9a:c9,bf:24:63:0e:aa:6a
MAN15UJT2HO,Laptop,e6:8b:c9:b0:84:79,23:3d:bb:3e:70:fc
KOL64FNV5AQ,Laptop,47:b1:b7:72:94:72,8e:9d:ef:1e:71:5f
AHB28OFY8JE,Laptop,7f:13:23:b9:c9:67,b7:bd:9d:cc:a6:23
DQY10XDW6QP,Laptop,5a:4a:c4:5c:55:d4,c1:01:37:fd:22:26
KAY49KJM4XY,Laptop,03:d6:26:cd:7f:13,4f:e6:88:9e:5b:cb
CMM84TLG5BT,Laptop,d0:42:28:17:d7:a9,a0:a7:0a:e9:99:21
VIH98RCX4YX,Laptop,ef:b4:1c:ac:98:cb,85:39:8b:60:2a:c3
QLU79ULF1HX,Laptop,90:e2:ee:73:75:e7,7d:4e:c6:e9:22:54
QKF78CHV8MQ,Laptop,a7:24:a7:b9:1d:a8,e3:89:2f:50:70:dd
JJU22CNN9OK,Laptop,19:70:a3:90:bc:e4,83:09:e2:ee:e4:5c
NST10EZM4JQ,Laptop,47:bb:e8:2c:ce:5b,8c:e7:3d:20:3e:e7
EKI90OTS4SI,Laptop,b0:29:9c:bc:2e:c9,53:08:3d:29:ba:42
IKM56CRX1UL,Laptop,a9:ea:29:8c:64:e0,1c:fc:27:8f:a2:50
KHM91FBV0NU,Laptop,66:b8:d2:1b:50:02,6f:4f:e1:b8:ad:67
KWL70WVC1GH,Laptop,0f:07:35:c7:15:88,a0:86:5b:eb:d2:af
VKN77GYM2ON,Laptop,e3:86:7f:9c:f8:07,09:c8:3e:11:f8:1d
TAB34RKF1QX,Laptop,07:7a:18:7a:b4:20,ab:fe:09:ec:5c:9b
DFF72CQO9IZ,Laptop,3f:e9:27:2b:51:52,36:67:67:ea:91:5a
KPZ76KFR7FP,Laptop,8c:9c:ee:58:6f:51,24:1d:8e:cd:d0:a3
KGA56XSI3DT,Laptop,c8:69:77:c2:cd:b3,86:33:dc:48:ca:34
ODO81ILT4WQ,Laptop,93:c2:56:98:ef:ec,29:04:1a:53:f9:42
SJS97HJA0KN,Laptop,ec:60:2d:96:70:e9,fe:6f:e6:96:1d:12
ZNF67YGN8MA,Laptop,bf:62:63:ab:98:74,27:0e:3a:68:28:ec
LJP95AOT8PH,Laptop,66:ac:01:39:b6:f6,02:81:41:03:a2:ee
OYI96XVB7HG,Laptop,cb:b9:c0:f5:1a:0d,4b:f3:b8:cf:81:38
MKR13HSR6ZY,Laptop,a2:12:4a:34:d9:52,94:ef:2d:2a:9d:53
FDW56RBZ8ZU,Laptop,7c:f9:f9:f8:a8:f8,af:dd:89:02:54:81
GCN48HHG2SQ,Laptop,13:cf:b8:fd:dc:25,de:13:6b:92:b0:2b
NFC66AAK1HR,Laptop,bd:12:ca:34:bb:6e,43:f9:cc:55:27:df
KZI26AXN9CE,Laptop,5d:ce:be:14:71:bd,37:db:0a:37:d2:3a
IGX23XWF8QQ,Laptop,05:8c:cc:89:46:ae,4d:b3:57:8e:60:c6
MFP62LBZ9MA,Laptop,b8:7e:6d:d0:60:05,a8:b0:c9:d4:8e:97
WDG01KYF2CU,Laptop,c1:05:a3:76:3b:f5,e6:7b:00:08:38:61
IYC80SVN7OE,Laptop,d7:2d:19:00:65:26,a8:e1:2b:1c:80:bd
TAP21JPO0LZ,Laptop,6c:16:be:d0:56:fc,0c:e6:e7:81:93:c6
ZPS84NFN2GD,Laptop,2b:70:91:f9:f2:bd,b3:40:35:47:37:fe
SSR36CEE1XZ,Laptop,12:1b:8f:e5:3d:67,d8:dc:9a:a3:cf:19
ZTW72OGX5PL,Laptop,5a:6a:e3:6a:38:a8,87:47:ba:b4:4e:d1
BYS42AUM0EP,Laptop,48:90:51:a9:bf:c9,7d:ee:a7:51:ee:09
NUJ13QHP6QK,Laptop,a1:68:60:30:d3:e3,e8:a4:cf:4a:be:d6
ZLP75WYI1LB,Laptop,7e:bd:3c:36:79:04,af:47:37:a7:d5:82
LQJ93KGJ6OB,Laptop,23:d0:60:78:18:a1,fd:29:ba:d8:a7:a7
IYZ54OVS6RA,Laptop,01:90:b6:63:58:84,74:58:0a:49:cc:66
EZE30XBC8BW,Laptop,c0:0e:0b:ad:06:9e,c3:67:93:69:a1:15
EUR47VCP3HN,Laptop,16:88:ba:b7:3c:dd,c2:6b:14:9a:62:2d
GDK27OHR4BL,Laptop,f9:d4:5a:86:2d:a1,72:5f:d2:22:f1:14
SAL46NWZ8XP,Laptop,54:62:c8:25:79:ef,17:55:a9:05:01:cf
RTM58FML5SH,Laptop,87:c5:99:1b:ce:c2,42:84:e5:d4:67:a2
MUI02DRL5RC,Laptop,cb:d6:70:89:c6:9f,c4:4f:65:9d:fd:28
DYP63BXK2AA,Laptop,b1:42:7f:46:51:62,0e:cd:0f:5f:52:56
MUY16BZY4MJ,Laptop,1e:ed:bc:2a:f2:8d,df:9e:8e:9f:e6:b5
HYY58SLJ5PM,Laptop,03:5d:bc:ee:1e:85,7a:0d:43:bf:85:89
JKV16YPG6UP,Laptop,77:e5:78:7a:1f:0f,e3:5b:5b:19:5e:fb
ABR03LPE4EV,Laptop,c9:e3:40:9a:23:5c,b6:4a:dd:59:e5:d2
HZX55YRQ1DM,Laptop,15:7c:48:ed:a5:b5,b5:3d:00:07:15:19
PUG05PKL5KH,Laptop,30:b6:2e:81:f6:fe,b0:6c:0f:ef:07:01
QCJ74EBZ9XD,Laptop,d7:2e:8f:62:28:3a,31:2f:19:23:44:97
YNG95ZKI2PJ,Laptop,af:b1:6b:e1:bc:33,71:bf:b8:32:0b:d8
OMV19UJZ5EP,Laptop,d7:69:4a:df:0b:50,1b:40:14:73:49:41
OMC74FNQ7RG,Laptop,04:8a:fe:50:f6:73,df:03:a1:61:bd:cf
RQJ99YIN8FG,Laptop,af:27:b6:0a:28:52,7f:1d:72:ab:5b:39
LAA58SCZ7WM,Laptop,6b:6b:d9:aa:a6:b8,88:11:4c:61:50:43
SXY42OAB4WK,Laptop,3c:35:21:7b:3d:8c,e7:1d:42:7a:5e:75
DSZ88UXN7OA,Laptop,71:38:b6:f7:b3:5c,e8:be:4c:d1:35:8c
TJT17FTD4MF,Laptop,0c:fb:b2:d5:61:f4,0e:71:a9:4b:d8:cf
WDQ49OTH0HL,Laptop,99:33:17:6b:f4:08,f3:f5:58:4f:a9:41
PMK36ANL5KV,Laptop,11:b8:fd:3c:b5:89,fb:8d:01:83:48:40
HAF96OSO3TS,Laptop,f3:8c:0d:9a:48:26,68:86:8f:6f:56:66
NSG33NWN5VN,Laptop,3e:43:d0:54:5e:b1,59:1a:66:60:e2:68
HEH58QPK4CD,Laptop,80:e1:22:0d:93:00,60:a4:6f:82:d2:89
DZF14USO7KS,Laptop,df:9a:eb:f5:0d:24,1b:a6:86:59:de:e2
ZYG64MAM8GD,Laptop,30:57:a7:cd:bd:b9,aa:9a:06:ba:55:d2
VME93HKM0UH,Laptop,d4:60:aa:49:93:e0,fa:71:6e:7f:e6:cf
VVZ70JFH6IW,Laptop,d2:4d:ef:5c:81:6f,36:2d:dd:db:69:99
AAK32PAJ5IB,Laptop,91:f3:92:b3:5b:b6,fe:2d:91:18:2a:0e
WDO40JOJ8NP,Laptop,85:ef:85:6e:99:93,d1:a4:7f:23:66:67
RSO80HLO6RH,Laptop,3d:43:67:43:71:dd,c9:d5:30:af:26:0c
WKY44OWF9HM,Laptop,c8:fa:4f:8d:e2:47,4d:e9:21:11:32:4f
NTL17PYM6GR,Laptop,16:00:30:85:4a:f5,d5:53:b9:b8:0a:39
SPE52PXK4OL,Laptop,7e:9f:43:b6:04:c2,a3:bc:40:22:d8:46
KYQ19YYF1LX,Laptop,5d:7a:e3:41:0f:4f,fe:a5:c5:c2:a8:f6
ZZI50ZAE2NU,Laptop,9c:57:2b:94:b2:e3,a1:21:05:60:90:0b
WFT04XBD5WE,Laptop,b1:46:cd:5e:13:fe,65:32:82:c5:ad:33
JQT00HVO1YH,Laptop,2d:80:29:1d:65:d0,a2:b9:47:53:01:9a
BLQ11OIN8DF,Laptop,db:85:4b:df:c2:f7,ad:75:35:86:61:4f
CUX88QFR7RA,Laptop,ce:e5:48:a2:ec:44,64:2e:e1:fe:ed:33
AVV64DWM7RY,Laptop,ce:45:30:27:ef:4b,fa:dc:b2:9f:ab:45
AYE30COY3XZ,Laptop,fb:b1:d6:e8:2d:36,37:6a:14:23:a0:47
ZKH23JKV6TN,Laptop,19:4e:69:f6:1f:10,73:e2:62:66:e8:14
ZZD20HRN4HS,Laptop,22:50:2a:ae:00:31,26:64:4b:3e:b7:09
VCO27LEG4UG,Laptop,d6:94:fe:27:94:2d,67:23:b3:38:ea:6a
ZOX75IBW8TC,Laptop,3c:c4:ac:13:05:a5,4b:dc:29:65:c5:68
AYK05OTI3MR,Laptop,10:7f:6d:43:b5:6e,c1:e9:5a:8c:b0:83
BXJ03JIC1VV,Laptop,71:6e:c3:57:0f:2b,44:1c:f1:9c:fc:3e
DME55NZE6PG,Laptop,e5:9e:d7:94:b7:f4,2b:21:28:d3:f5:33
RCG15LZX7JJ,Laptop,e5:70:00:26:9a:9c,2f:90:07:e4:cf:68
CRW72RCA8AE,Laptop,4d:79:d3:5f:97:5e,0c:54:36:42:f2:7b
CKV13GIE9DE,Laptop,bc:c7:b5:6e:ef:b7,3f:d3:13:21:8f:6a
NNW87FCH7AD,Laptop,93:0f:84:9f:35:dd,72:de:10:d9:14:97
UMP45CMD2OA,Laptop,d3:b0:5b:21:7a:2b,ad:9d:19:b3:37:81
QYU21UMH1AX,Laptop,a6:ee:cc:e2:5d:4a,53:42:82:ad:f4:3c
AYO97YYZ5XP,Laptop,cc:fc:0c:53:5c:10,ef:aa:60:b2:f6:12
FUM47HSZ8QF,Laptop,9a:ae:57:41:17:6f,a1:ba:75:9c:d3:41
FST25HUL6EV,Laptop,b6:2b:73:dd:a0:21,cc:fc:5a:0f:37:eb
GMY55REO2HP,Laptop,4b:cd:08:dc:59:6f,86:3c:99:c6:24:12
SUO17ZVC2OB,Laptop,6a:86:e9:65:14:a7,65:52:ef:19:24:a4
WMF53MQQ9RV,Laptop,b7:fe:db:bf:cb:b9,ab:92:21:75:c0:19
ABS07CUD9BU,Laptop,41:d5:a1:b5:b9:a0,1b:02:99:42:da:cf
GEW15BUW2QV,Laptop,93:b9:f5:9e:b1:32,7a:c9:a7:71:27:3e
FMG12UDN4NY,Laptop,f5:12:c4:8c:22:2b,eb:a0:1e:ce:3e:2d
PTK63QMS2ED,Laptop,16:25:3e:5b:b0:dd,94:70:08:e1:fd:1e
BBY97VSY8CO,Laptop,19:c7:88:37:ad:df,60:df:36:cf:2b:04
MHQ08RYU1LU,Laptop,70:ec:57:18:9e:37,f4:06:1c:be:1b:0d
BJO49BTG8UE,Laptop,75:05:1c:27:3f:64,20:87:4d:25:34:3b
IPD63IEM3RM,Laptop,f9:d8:a3:8f:65:06,ad:de:b1:ef:87:35
RBZ39RUY4ZV,Laptop,09:e4:55:04:be:d9,b0:c5:e2:82:ee:ae
RGN88IVZ3YC,Laptop,98:90:ed:9b:0a:32,77:7a:77:99:6e:d5
BXD77RAS0JR,Laptop,3f:d7:28:01:0f:39,a0:b7:18:9d:be:2f
ODE50RMT0VL,Laptop,0c:92:2d:0c:85:ab,1d:f5:7b:86:37:8a
IHS42LPZ1UZ,Laptop,d1:98:82:62:50:d7,d6:56:c5:67:87:7c
DZE35WYS9EG,Laptop,78:88:6f:a7:b3:5f,e8:e9:dc:f1:fe:ac
GRB91WXG9HN,Laptop,88:e6:7a:f3:68:7c,f8:7e:2c:15:05:1b
AWE39VIK9QB,Laptop,b6:47:43:2f:45:eb,a0:06:3c:a5:98:0f
ZGE63ZCC5FZ,Laptop,64:f2:a9:c0:da:ac,e6:cc:53:e7:c6:99
VUG46PVI6HW,Laptop,05:e1:d2:a3:82:6d,45:5f:53:c4:b8:71
KTL51WLE9HK,Laptop,df:07:93:60:0c:e4,e4:0a:32:3f:b9:15
LOI70SWO8FP,Laptop,71:89:d4:ef:6e:d6,1f:5d:82:d6:8f:13
MAM75VFW9HB,Laptop,bf:bc:68:5c:c7:74,26:d1:67:29:58:3b
OGJ98RGP9HU,Laptop,89:aa:40:b6:ea:d3,bd:ee:6a:09:2a:23
RTU23NBM2NE,Laptop,3c:4c:b8:8f:70:b1,b8:11:2a:72:35:7d
JCA37XRB0AQ,Laptop,27:96:62:f2:0e:4b,c5:40:e9:ba:74:23
IGH90BAM5ZO,Laptop,c7:5b:e3:ce:43:b7,21:84:0b:e3:e1:7e
JSZ83QPV9XV,Laptop,c8:90:a3:af:8b:16,1b:98:cb:b8:1f:a6
XBT11TSH0QJ,Laptop,de:f6:99:18:83:95,ae:a7:d0:8c:32:f4
YHY79VYS7SH,Laptop,76:21:8f:f4:29:0d,a2:2e:f6:1e:cd:21
KDN90IFF3HY,Laptop,a9:87:b1:05:04:3f,36:42:89:ac:56:7f
WJT76BHE7FG,Laptop,00:50:5c:c3:04:74,6f:da:d9:84:37:70
YED83WCS4GX,Laptop,bf:99:29:70:91:ac,63:6f:5e:f9:83:63
KMF01AFD2TV,Laptop,86:79:d7:a0:50:66,c9:35:c6:03:08:3b
ZZV19XMG2EP,Laptop,8e:83:9b:e1:1f:2a,83:35:e1:97:ee:6c
GZO62ZOX7WW,Laptop,a1:a9:34:ca:bc:cd,8f:73:c2:87:c9:68
ULE89JAS2NZ,Laptop,18:f2:e3:3e:a7:92,ad:5f:da:8e:ab:6f
HII43CNQ5VF,Laptop,58:82:18:81:05:43,7c:f7:6c:34:e2:bf
YLZ77FAD3AV,Laptop,34:0a:3a:32:01:35,71:38:79:60:e5:07
KIQ78RVY5KX,Laptop,e7:91:69:f8:5d:d9,fc:02:c3:c0:1c:71
OQX11EWP1ZN,Laptop,5a:df:16:97:3f:ae,94:4e:2e:ed:1b:be
MNL27EZZ1TT,Laptop,b5:39:ab:0d:27:9c,96:5b:21:32:78:71
LFX25EUH0KQ,Laptop,8d:ec:a4:09:68:1d,0d:e4:95:0c:2e:df
IZT92NXC4MD,Laptop,d9:a6:7d:36:ea:4b,2c:27:56:44:aa:78
XEC79FNK5DC,Laptop,71:0a:21:f6:21:1c,54:79:21:90:94:7d
HWG88AYI9UH,Laptop,24:6d:7c:14:2f:53,61:91:fc:16:4d:21
IJN17MWI1FF,Laptop,0f:3a:4b:ca:44:f4,7a:55:b7:93:85:7f
IGJ63QNM8BP,Laptop,a8:2b:8a:a7:c3:c7,4e:28:46:71:5a:81
UQV00FQS4KZ,Laptop,ed:20:fb:25:f8:68,90:b3:35:17:63:c9
GVM52TAR7IX,Laptop,4c:c6:a4:6d:2a:7a,4c:07:1f:ab:0e:09
OJU11JUY1VW,Laptop,a3:f6:69:52:6e:6d,d6:1d:eb:21:e8:d8
RTC70HPH4PV,Laptop,eb:51:23:68:98:80,2b:1a:a8:ae:67:61
AWC61CJH2KS,Laptop,22:3e:62:30:bd:87,12:a3:6a:19:22:f4
BJT57MSE0AV,Laptop,22:05:2e:3f:f2:a9,11:ce:bc:72:6b:43
MLB16LWB3WC,Laptop,a8:82:02:a5:9d:17,1d:b9:03:1f:8e:ea
QLH18CIB6MQ,Laptop,b9:0a:1a:6e:de:8e,aa:8c:bb:d0:d2:50
ETM30ILX1AB,Laptop,79:e8:4c:2a:80:fe,74:75:90:b2:a5:6f
ENK71BAU8ZE,Laptop,bf:27:6f:3b:44:08,3d:b7:40:71:00:8d
EJG92HIK1HM,Laptop,07:02:21:b7:2c:e4,55:31:21:cc:62:3e
FPZ04SDR4GN,Laptop,d5:d6:4b:cf:9c:8f,af:d1:3b:a1:63:b2
VOA01JVD0BP,Laptop,ef:ce:1c:98:fb:3b,32:df:dc:3e:e0:22
ORR01ZZP1OG,Laptop,5b:47:e8:2d:c2:ea,f4:49:84:1e:5f:44
SVV84HAZ2KQ,Laptop,38:04:ec:25:fa:44,1e:40:ab:31:e0:d3
WCW87QKP9XN,Laptop,cf:cc:ba:96:ee:fc,4b:70:85:8a:9d:0d
QPJ26NDE3RJ,Laptop,e4:b9:ab:bb:5a:14,98:7b:f2:d4:f4:31
ELL95AHI9XF,Laptop,0a:32:e7:31:57:aa,54:2c:c8:15:3c:f8
HNX30NQF6LS,Laptop,aa:a9:09:3a:57:09,d6:15:21:da:cf:a8
YDO14FTX3AW,Laptop,16:f5:4a:fa:c0:6f,8e:37:37:15:67:b3
YMA47IQY5RQ,Laptop,7b:6b:64:31:ca:0e,cb:2f:c6:d6:0a:f9
XGE53RMQ7KS,Laptop,4d:6d:f0:bc:57:10,97:7b:82:a1:2d:35
YCA11OAQ0GW,Laptop,6a:b4:9a:bb:95:37,ab:32:0d:99:0e:b3
UTD37HMC7WE,Laptop,2c:81:82:1e:9c:29,02:77:57:e7:fb:b8
AFI89ZUV5SE,Laptop,21:9c:10:83:66:1b,98:bc:7f:a4:d4:e7
FXX02CXC0PN,Laptop,f3:a3:e3:35:e3:b3,20:97:04:e9:6e:f9
VJV87RNK0LB,Laptop,23:21:21:4b:dd:49,48:49:2a:77:0b:1d
AQB18CFK1LM,Laptop,76:f2:c3:8a:84:3e,f4:75:6f:1c:01:46
JFN76ETL2QX,Laptop,c1:28:6c:63:d1:55,e0:8a:b5:5e:dd:ed
VUF22JHI0TQ,Laptop,7b:e5:4c:4d:aa:4a,b7:8a:16:c0:79:2c
EAE47AJU7OZ,Laptop,7e:da:a8:b3:ad:b2,0b:6a:05:38:e8:fb
BOT88TAW8WM,Laptop,4a:2c:33:2b:02:46,e8:de:9b:3a:db:7a
PNQ29MCI7OW,Laptop,df:6e:f9:20:1e:11,e1:81:6f:c6:5e:55
EMK42WTQ0SJ,Laptop,28:fb:fa:52:a5:10,2f:24:e9:76:f6:12
YQQ21OIJ6GV,Laptop,c3:c9:bb:44:a6:58,cf:19:18:c4:7d:bc
MYJ62OTJ0AH,Laptop,58:b5:c9:76:4f:39,cd:7d:a8:10:d7:69
ZIX04JBD8AJ,Laptop,39:5f:b9:fd:a3:69,50:16:a1:d7:8f:27
XAU45LDN0VZ,Laptop,47:7e:38:0b:76:af,49:27:71:b8:fe:5e
NDO10NSY0SG,Laptop,0e:c2:41:97:74:a8,10:55:45:8b:07:b4
FSR55KPJ5QM,Laptop,8e:2c:da:d2:9c:2a,17:07:5f:b5:96:72
DAU54VFJ7AT,Laptop,44:84:cc:f5:b6:44,36:14:d1:e2:b3:e9
ATP40YLB5SX,Laptop,d1:54:68:5e:7f:77,f7:b5:43:a0:80:27
FOZ67OQX2WQ,Laptop,e4:fa:e8:2b:ed:49,ce:58:d1:f4:cc:19
HBN90VPO4CV,Laptop,8b:e3:5e:69:92:c9,39:30:80:85:88:bb
CDO22QSO8CB,Laptop,67:67:f0:04:f3:09,27:bc:62:94:c4:4f
CGW77WNQ5JO,Laptop,13:b9:de:78:83:18,b2:56:29:d3:16:b9
JJZ58EWS9AJ,Laptop,df:d8:a0:a6:49:eb,35:eb:8d:63:25:5e
JXV34FAP3JI,Laptop,67:34:1b:36:d1:d2,23:81:40:d2:81:88
TAO78TZW6JW,Laptop,64:21:22:b2:74:5f,a0:9d:b0:7e:60:ad
MDA36PIH0XL,Laptop,a9:60:c3:3a:4d:14,8b:50:7b:37:fb:a5
CVC50ZBI3DF,Laptop,65:45:85:8d:09:7f,f4:f5:34:f2:a2:03
WHE43PNO2DJ,Laptop,4d:e1:d3:0d:a4:2b,03:ca:a6:d2:c4:88
MYU57CYY9HR,Laptop,e5:97:d7:b9:d7:65,4d:22:f4:ae:0e:0f
BSL63WID6ZF,Laptop,b8:87:1b:62:ee:fe,e8:ab:73:50:18:d8
PRR81EKT7TV,Laptop,3d:50:9e:83:8c:30,e0:ba:f1:9d:3e:59
KBN89PTI7MN,Laptop,92:6a:d9:ac:8e:87,09:a5:fd:60:34:73
JCT79BFZ0AC,Laptop,4b:07:37:2c:64:f4,13:b2:b9:bc:f6:5f
BMN62WCF8YU,Laptop,bd:a3:2d:84:0a:57,e7:02:7d:2d:49:02
DCC55RLE1UY,Laptop,5b:45:a4:87:3f:db,f8:0b:d6:4d:4b:82
QYQ21KTC1GL,Laptop,e5:04:9f:31:d5:6e,25:21:f3:b7:47:01
EYM48OEW8WB,Laptop,e9:5a:5f:4d:21:3c,d0:f4:4d:f9:d4:8a
FWA80CWW8MU,Laptop,8b:bf:5d:11:07:3d,cf:a3:6d:75:a7:dd
PKM52AUK9LX,Laptop,d1:00:86:04:2f:0f,69:06:c5:45:f1:11
BZB60SBS2FO,Laptop,f2:5e:1e:f8:8d:df,09:a0:9c:a8:6b:da
CVL13DLA3RZ,Laptop,8f:f1:95:32:0c:12,84:82:3d:f7:cb:c9
HWH98DFC6WO,Laptop,8d:0b:cd:d9:7e:ed,f1:db:33:6d:e3:99
ZAI51DAJ1SD,Laptop,3a:58:3e:01:48:7b,5c:ce:0f:65:18:e0
NJF54BID6WE,Laptop,a5:b2:e8:08:23:74,50:9b:fb:0c:bb:96
RGM39TRD0DF,Laptop,08:a7:d0:3e:07:55,fa:ca:46:07:c5:87
BIH48KUL1BC,Laptop,98:37:55:a5:83:62,63:66:56:a1:fd:0b
ITD09OJW6XY,Laptop,29:3e:07:03:19:1a,79:18:79:87:e2:7a
EXQ35UNW1NG,Laptop,18:6c:c5:88:32:92,3b:a9:c0:6e:6b:37
TSX58LWS6TW,Laptop,95:5e:81:63:7e:74,cc:41:b9:61:d8:6a
LML46XSO3PF,Laptop,71:95:00:d5:58:8d,82:3f:92:9c:1d:07
NOM49ZLO1CQ,Laptop,12:c6:fa:72:e4:f9,cf:f8:2f:c6:65:cb
AFF54DHV5JB,Laptop,32:6f:8f:5e:37:dc,64:c0:51:2a:39:9f
JHX01PRH4LO,Laptop,d3:fe:d4:1c:14:39,68:84:d3:63:f7:2f
UGP33YFZ5YB,Laptop,97:8a:c1:f3:88:86,25:3e:61:b6:9d:91
NEB06TOR3FY,Laptop,19:21:bd:8b:53:c6,87:dc:e4:dd:df:d1
OHT40DNB7AX,Laptop,8f:10:74:5e:d9:ed,44:9d:f9:a2:c5:57
RKT41PKW9PX,Laptop,82:26:39:fd:d0:24,6a:01:c2:6b:32:09
XSF44UIM2DT,Laptop,38:65:4e:46:7c:19,ec:b8:a5:db:89:03
DQO31KPT0UL,Laptop,f1:f1:9d:32:89:e8,6a:39:0e:72:b5:d7
CVS68EYU8OR,Laptop,c6:0a:60:44:08:fc,04:a4:e6:64:c6:47
OPU47NHW3PD,Laptop,a4:02:b0:8d:98:3c,af:ea:6a:ef:b0:e3
VBB62ATN1SC,Laptop,c9:0d:ac:d6:79:ee,4a:59:cf:18:a8:d3
MLX77ZCB0YU,Laptop,10:84:08:f7:5a:07,10:b5:88:55:bc:ca
PMD21FDD6RJ,Laptop,9a:9c:3b:a3:0e:bf,05:fa:2b:d7:7f:5b
KUY96JDD5OA,Laptop,6f:04:b2:cd:d6:32,dd:eb:da:c4:91:b0
ULO74RCF1SM,Laptop,47:45:0a:5b:a9:bb,6e:a4:23:cc:a2:a8
ETK62UWX3RN,Laptop,f4:7c:e5:38:8f:2b,d3:84:33:12:8d:eb
WYQ06NKC0DF,Laptop,02:21:fe:30:42:6f,4c:a6:ab:43:e6:15
XEI87NRR1XD,Laptop,90:cb:9a:da:95:7e,c9:40:f3:6f:7f:f3
PFO25XMJ4IO,Laptop,87:22:aa:c2:7e:e2,ee:b1:05:fe:bc:ed
CXR41DTO3HH,Laptop,5b:7c:dc:4d:a7:3c,b5:36:45:b4:84:63
KZG80HLD2UD,Laptop,1d:d6:a6:29:4f:a5,f8:94:38:a3:1d:29
BHI97CAQ3VM,Laptop,b1:f1:6a:31:56:38,c4:c5:a8:ba:d1:2a
RGB94WLP0LM,Laptop,00:6d:fc:e0:b6:2a,5b:a6:d5:d7:8f:c2
FDV66RQX7VA,Laptop,60:55:c0:0d:f3:f6,1b:d7:8c:7b:d6:a0
LHB01MEM0ZE,Laptop,4d:98:78:e1:e3:d0,db:a2:6d:1c:96:c8
CQM35NFQ5YC,Laptop,f5:cf:4f:3d:e8:70,d0:51:cf:ea:5d:ea
SNR77LHR7RP,Laptop,2a:a2:86:2d:25:72,e9:32:d8:2e:eb:7f
ZJM29CJZ7DN,Laptop,39:9d:9e:0c:7a:e8,1f:12:0a:90:27:a7
RXZ47CAA0ZJ,Laptop,a7:fe:b8:17:11:e0,88:a1:aa:f5:76:3d
RWF02QAG9QS,Laptop,f6:7c:a7:63:73:0c,83:42:09:2d:af:74
GYG59BKC4JS,Laptop,0d:e3:d8:89:48:9b,5f:b1:af:a8:83:83
OTI86UZB2XW,Laptop,5d:c9:d3:87:68:c4,fd:d3:42:cb:0a:1e
TVB39JVM8FQ,Laptop,18:5d:eb:88:36:20,f1:9d:44:7c:96:d4
IGI21ADE5SD,Laptop,0b:a4:3c:f5:09:36,20:7d:61:9a:de:08
PKV45TKD7OG,Laptop,83:bf:65:41:08:29,0f:56:67:6a:20:92
ESV37CVJ1HB,Laptop,18:15:48:50:85:16,e0:ee:13:28:ef:08
CWA78GFY7OI,Laptop,f6:c4:51:0a:51:23,4a:e1:13:35:00:be
RVD08HNF4QG,Laptop,98:fe:bb:41:5c:63,c9:54:39:49:e4:15
REA10MXQ5VM,Laptop,f8:c1:9a:06:0c:5c,b6:f6:63:b7:fe:ea
OER96HSQ4SR,Laptop,cb:0a:e0:22:c9:ea,d4:54:03:b4:bf:77
CNY52BDD2UZ,Laptop,62:b4:6a:c8:15:5e,d0:f9:ce:85:4d:aa
CBS07RJR8UE,Laptop,c5:4e:3f:66:a8:74,f9:63:40:31:96:d4
UBI81BIO3MO,Laptop,d7:f1:80:aa:28:3e,36:ca:a5:a8:0c:69
ITG43GCE7EL,Laptop,bd:53:3c:a3:af:e9,fb:8e:81:47:fd:77
EGP93GMR7ND,Laptop,e1:e4:9e:f7:8f:b4,5f:dd:71:d1:85:4d
OAD67OJH9DI,Laptop,05:cd:74:6e:56:89,e1:2b:34:db:0a:46
KDH45GBV5NE,Laptop,36:50:8b:c1:e3:00,3b:32:80:54:2e:e3
VTM19YAE8XR,Laptop,7a:5e:7d:18:06:d4,7a:72:41:fe:87:70
EXF84MVV3KD,Laptop,f9:ad:84:64:07:37,45:87:30:e8:0e:01
HZD57MOE0EV,Laptop,1f:20:df:f4:9a:52,c8:63:dc:2b:2b:dc
LBI99FEV0WK,Laptop,e6:5a:e9:0f:c1:a5,c9:52:6d:6e:c5:8b
GUK07BAH9SR,Laptop,f5:7c:ed:97:5d:7d,f6:87:cd:62:4e:44
TIF85KOJ7BK,Laptop,32:b8:ea:76:2e:7b,8e:5f:86:a9:d7:49
CJU87YXD3PZ,Laptop,bb:d9:10:04:30:07,16:d2:d2:c4:f3:55
HBC49KAQ2AN,Laptop,75:4a:b8:9e:f5:fd,09:1b:83:67:59:e2
TJM60BMJ2WH,Laptop,90:50:73:91:4b:f7,53:44:35:a7:68:40
CYZ64JST5BI,Laptop,78:f9:9e:7a:f9:2d,dc:d2:25:06:6c:20
NNH45LKD0ZL,Laptop,b7:a5:ba:2a:7a:33,ee:b4:59:cf:e3:b3
YNY97ZEY5XX,Laptop,33:a4:9b:a7:d8:50,24:25:e6:93:a4:ab
FNC25QQS3SD,Laptop,09:8b:2e:69:6f:3d,f3:28:36:79:83:c2
SYA09JWJ7BI,Laptop,90:5d:01:50:0d:bf,a5:1c:aa:b6:50:b6
GXK29VVW3KA,Laptop,9a:62:0f:b8:4a:4a,25:0b:99:fd:07:82
GLN82CYF8LL,Laptop,34:86:ee:23:73:09,56:d2:b0:ad:eb:7f
ADA48SVY3FY,Laptop,14:8f:8e:5a:9a:b7,20:68:c2:fb:e1:55
MEJ47HBM1TU,Laptop,a8:d2:40:01:8b:c5,b4:a0:af:22:78:8f
PTF35GDX0NW,Laptop,0d:ac:87:de:af:51,45:73:23:ae:a8:6e
BBD95KIZ4YD,Laptop,f4:0e:75:51:89:36,14:7d:06:86:fd:db
GNB87LOR4BW,Laptop,d7:fc:83:d9:24:79,c6:7b:1f:35:60:0c
SBZ06LOI1HI,Laptop,f2:e7:0e:e7:5e:9b,ec:88:a2:0c:4e:ad
JWQ90BLI2KJ,Laptop,05:71:2d:dc:69:c1,b9:c9:59:af:34:83
RZE24ZKS2KP,Laptop,79:69:67:55:50:10,8d:28:79:66:55:a1
JKK99WVS6JI,Laptop,38:64:01:e5:ee:e7,7b:41:af:fc:e2:db
SJK98YEX8BL,Laptop,5c:1a:6a:7a:7d:f8,4e:e0:fb:a6:36:bf
RVX75BQI2VR,Laptop,ce:f2:b4:fa:4f:4c,be:72:c1:2e:04:94
XDD69ZWW2GN,Laptop,e8:98:99:41:2d:3c,a1:6a:0d:78:9e:e3
VMA46EED4BT,Laptop,8f:a6:51:2a:7d:e7,56:ce:89:6f:67:d8
QTA45STX7JM,Laptop,db:be:99:52:eb:d1,18:3e:d7:f1:f6:b4
XVH20PKD5PI,Laptop,0b:39:dd:b9:70:6e,5d:94:13:c6:28:81
RPI70DJN0PE,Laptop,1a:8b:4c:46:1a:53,59:99:b0:86:46:42
IRW73AWL5BS,Laptop,c2:83:ed:c1:7d:cd,d3:05:2b:3b:5c:59
UZM75CPI6DQ,Laptop,91:d4:2e:8b:e1:c0,98:f8:08:62:40:d0
IGA69IGX4PW,Laptop,6e:ab:2b:27:3e:0b,11:3a:e3:8e:46:a9
HBI00QEZ3UI,Laptop,5a:68:94:74:6b:ca,96:b0:ec:95:ea:80
WOD38VHN6ID,Laptop,60:99:62:f9:ee:61,15:93:b6:e1:10:e2
COP58JTK9PK,Laptop,e4:27:67:18:6b:01,c3:db:47:5f:49:98
DYR40KCB0AC,Laptop,36:97:44:d1:d1:eb,60:5f:cf:d1:20:7c
TRE08CPN4QB,Laptop,42:0c:f1:3e:1b:cf,7d:17:64:ae:5b:b4
SKT86LTI9PG,Laptop,47:72:1e:76:3b:ac,d4:b0:3f:9d:a5:4b
GMP14AAW8XK,Laptop,b0:9e:4b:2a:bc:a1,1c:9f:63:cd:8f:28
FMU77YHP6MK,Laptop,7e:78:0d:eb:22:89,a1:4a:c8:c3:53:e6
JBD38MOB5XD,Laptop,12:b6:42:4c:b7:76,2d:67:f3:d1:e1:75
CIF72ZGN0OG,Laptop,53:de:e5:09:74:5f,5e:75:df:72:8b:3b
RUU83WEJ6CZ,Laptop,45:6b:4d:10:a3:c7,c8:d3:d4:1e:93:13
ERQ93RCP0TU,Laptop,29:b9:28:7d:b1:d5,81:dd:b7:dd:b1:6a
QMJ89PGU9JF,Laptop,88:f8:d4:11:29:33,5c:0d:52:ee:a8:ad
AKW62WKO5RP,Laptop,85:20:03:72:f9:d4,3d:12:7d:eb:72:6f
KQT19DDW5EV,Laptop,dc:65:7b:39:f0:e7,3a:f3:6f:73:73:f9
KLA21URM7TX,Laptop,3b:da:24:e6:dc:14,64:d8:4a:d8:23:f9
DJT65QCH2WK,Laptop,e4:42:b3:e0:34:dd,a3:86:53:9e:c0:18
BZK22DYN9FX,Laptop,41:41:34:b7:88:62,19:22:a1:14:67:4f
FEF16BMZ5RW,Laptop,de:45:7c:e0:8d:c5,de:24:e8:fb:c6:8d
EXD98SDR7DN,Laptop,38:69:db:4d:6c:be,e9:46:72:37:d0:9d